GSM1643000,1,,,,,,,,,,
GSM1643002,1,,,,,,,,,,
GSM1643003,1,,,,,,,,,,
GSM1643004,1,,,,,,,,,,
GSM1643005,1,,,,,,,,,,
GSM1643001,1,,,,,,,,,,
GSM1402531,0,,,,,,,,,,
GSM1402532,0,,,,,,,,,,
GSM1402533,0,,,,,,,,,,
GSM1402534,1,,,,,,,,,,
GSM1402536,1,,,,,,,,,,
GSM1402519,0,,,,,,,,,,
GSM1402520,0,,,,,,,,,,
GSM1402521,0,,,,,,,,,,
GSM1402522,0,,,,,,,,,,
GSM1402523,0,,,,,,,,,,
GSM1402524,0,,,,,,,,,,
GSM1402525,1,,,,,,,,,,
GSM1402526,1,,,,,,,,,,
GSM1402527,1,,,,,,,,,,
GSM1402528,1,,,,,,,,,,
GSM1402529,1,,,,,,,,,,
GSM1402530,1,,,,,,,,,,
GSM1078960,1,,,,,,,,,,
GSM1078961,1,,,,,,,,,,
GSM1078962,1,,,,,,,,,,
GSM1078966,1,,,,,,,,,,
GSM1078967,1,,,,,,,,,,
GSM1078968,1,,,,,,,,,,
GSM1078969,0,,,,,,,,,,
GSM1078970,0,,,,,,,,,,
GSM1078971,0,,,,,,,,,,
GSM1078963,0,,,,,,,,,,
GSM1078964,0,,,,,,,,,,
GSM1078965,0,,,,,,,,,,
GSM1327506,0,,,,,,,,,,
GSM1327507,0,,,,,,,,,,
GSM1327508,0,,,,,,,,,,
GSM1327509,1,,,,,,,,,,
GSM1327510,1,,,,,,,,,,
GSM1327511,1,,,,,,,,,,
GSM1398285,1,,,,,,,,,,
GSM1398333,1,,,,,,,,,,
GSM1398334,1,,,,,,,,,,
GSM1398335,1,,,,,,,,,,
GSM1398340,1,,,,,,,,,,
GSM1398341,1,,,,,,,,,,
GSM1398342,1,,,,,,,,,,
GSM1398347,1,,,,,,,,,,
GSM1398348,1,,,,,,,,,,
GSM1398349,1,,,,,,,,,,
GSM1398354,1,,,,,,,,,,
GSM1398355,1,,,,,,,,,,
GSM1398356,1,,,,,,,,,,
GSM1398361,1,,,,,,,,,,
GSM1398362,1,,,,,,,,,,
GSM1398363,1,,,,,,,,,,
GSM1398367,1,,,,,,,,,,
GSM1398368,1,,,,,,,,,,
GSM1398369,1,,,,,,,,,,
GSM1398374,1,,,,,,,,,,
GSM1398375,1,,,,,,,,,,
GSM1398376,1,,,,,,,,,,
GSM1398380,1,,,,,,,,,,
GSM1398381,1,,,,,,,,,,
GSM1398382,1,,,,,,,,,,
GSM1398387,1,,,,,,,,,,
GSM1398388,1,,,,,,,,,,
GSM1398389,1,,,,,,,,,,
GSM1398326,1,,,,,,,,,,
GSM1398327,1,,,,,,,,,,
GSM1398328,1,,,,,,,,,,
GSM1398320,1,,,,,,,,,,
GSM1398321,1,,,,,,,,,,
GSM1398322,1,,,,,,,,,,
GSM1398314,1,,,,,,,,,,
GSM1398315,1,,,,,,,,,,
GSM1398316,1,,,,,,,,,,
GSM1398307,1,,,,,,,,,,
GSM1398308,1,,,,,,,,,,
GSM1398309,1,,,,,,,,,,
GSM1398310,1,,,,,,,,,,
GSM1398300,1,,,,,,,,,,
GSM1398301,1,,,,,,,,,,
GSM1398302,1,,,,,,,,,,
GSM1398292,1,,,,,,,,,,
GSM1398293,1,,,,,,,,,,
GSM1398294,1,,,,,,,,,,
GSM1398295,1,,,,,,,,,,
GSM1398286,1,,,,,,,,,,
GSM1398287,1,,,,,,,,,,
GSM1398281,1,,,,,,,,,,
GSM1398282,1,,,,,,,,,,
GSM1398283,1,,,,,,,,,,
GSM1398284,1,,,,,,,,,,
GSM1398288,1,,,,,,,,,,
GSM1398289,1,,,,,,,,,,
GSM1398290,1,,,,,,,,,,
GSM1398291,1,,,,,,,,,,
GSM1398296,1,,,,,,,,,,
GSM1398297,1,,,,,,,,,,
GSM1398298,1,,,,,,,,,,
GSM1398299,1,,,,,,,,,,
GSM1398303,1,,,,,,,,,,
GSM1398304,1,,,,,,,,,,
GSM1398305,1,,,,,,,,,,
GSM1398306,1,,,,,,,,,,
GSM1398311,1,,,,,,,,,,
GSM1398312,1,,,,,,,,,,
GSM1398313,1,,,,,,,,,,
GSM1398317,1,,,,,,,,,,
GSM1398318,1,,,,,,,,,,
GSM1398319,1,,,,,,,,,,
GSM1398323,1,,,,,,,,,,
GSM1398324,1,,,,,,,,,,
GSM1398325,1,,,,,,,,,,
GSM1398329,1,,,,,,,,,,
GSM1398330,1,,,,,,,,,,
GSM1398331,1,,,,,,,,,,
GSM1398332,1,,,,,,,,,,
GSM1398336,1,,,,,,,,,,
GSM1398337,1,,,,,,,,,,
GSM1398338,1,,,,,,,,,,
GSM1398339,1,,,,,,,,,,
GSM1398343,1,,,,,,,,,,
GSM1398344,1,,,,,,,,,,
GSM1398345,1,,,,,,,,,,
GSM1398346,1,,,,,,,,,,
GSM1398350,1,,,,,,,,,,
GSM1398351,1,,,,,,,,,,
GSM1398352,1,,,,,,,,,,
GSM1398353,1,,,,,,,,,,
GSM1398357,1,,,,,,,,,,
GSM1398358,1,,,,,,,,,,
GSM1398359,1,,,,,,,,,,
GSM1398360,1,,,,,,,,,,
GSM1398364,1,,,,,,,,,,
GSM1398365,1,,,,,,,,,,
GSM1398366,1,,,,,,,,,,
GSM1398370,1,,,,,,,,,,
GSM1398371,1,,,,,,,,,,
GSM1398372,1,,,,,,,,,,
GSM1398373,1,,,,,,,,,,
GSM1398377,1,,,,,,,,,,
GSM1398378,1,,,,,,,,,,
GSM1398379,1,,,,,,,,,,
GSM1398383,1,,,,,,,,,,
GSM1398384,1,,,,,,,,,,
GSM1398385,1,,,,,,,,,,
GSM1398386,1,,,,,,,,,,
GSM1519323,0,,,,,,,,,,
GSM1519343,0,,,,,,,,,,
GSM1519344,0,,,,,,,,,,
GSM1519345,0,,,,,,,,,,
GSM1519324,0,,,,,,,,,,
GSM1519325,0,,,,,,,,,,
GSM1519326,0,,,,,,,,,,
GSM1519331,0,,,,,,,,,,
GSM1519332,0,,,,,,,,,,
GSM1519333,0,,,,,,,,,,
GSM1519337,0,,,,,,,,,,
GSM1519338,0,,,,,,,,,,
GSM1519339,0,,,,,,,,,,
GSM1519334,1,,,,,,,,,,
GSM1519335,1,,,,,,,,,,
GSM1519336,1,,,,,,,,,,
GSM1519340,1,,,,,,,,,,
GSM1519341,1,,,,,,,,,,
GSM1519342,1,,,,,,,,,,
GSM1519346,1,,,,,,,,,,
GSM1519347,1,,,,,,,,,,
GSM1519348,1,,,,,,,,,,
GSM1519327,1,,,,,,,,,,
GSM1519328,1,,,,,,,,,,
GSM1519329,1,,,,,,,,,,
GSM1519330,1,,,,,,,,,,
GSM1219976,0,,,,,,,,,,
GSM1219980,0,,,,,,,,,,
GSM1219981,1,,,,,,,,,,
GSM1219982,1,,,,,,,,,,
GSM1219983,1,,,,,,,,,,
GSM1219977,1,,,,,,,,,,
GSM1219978,1,,,,,,,,,,
GSM1219979,1,,,,,,,,,,
GSM260706,1,,,,,,,,,,
GSM260707,1,,,,,,,,,,
GSM260711,1,,,,,,,,,,
GSM260712,1,,,,,,,,,,
GSM260716,1,,,,,,,,,,
GSM260717,1,,,,,,,,,,
GSM260713,0,,,,,,,,,,
GSM260714,0,,,,,,,,,,
GSM260715,0,,,,,,,,,,
GSM260708,0,,,,,,,,,,
GSM260709,0,,,,,,,,,,
GSM260710,0,,,,,,,,,,
GSM1173386,0,,,,,,,,,,
GSM1173387,0,,,,,,,,,,
GSM1173388,0,,,,,,,,,,
GSM1173389,1,,,,,,,,,,
GSM1173390,1,,,,,,,,,,
GSM1173391,1,,,,,,,,,,
GSM1173392,1,,,,,,,,,,
GSM1173393,1,,,,,,,,,,
GSM1361271,0,,,,,,,,,,
GSM1361272,0,,,,,,,,,,
GSM1361273,0,,,,,,,,,,
GSM1361274,1,,,,,,,,,,
GSM1361275,1,,,,,,,,,,
GSM1361276,1,,,,,,,,,,
GSM1247632,0,,,,,,,,,,
GSM1247633,0,,,,,,,,,,
GSM1247634,0,,,,,,,,,,
GSM1247635,0,,,,,,,,,,
GSM1247636,0,,,,,,,,,,
GSM1247637,1,,,,,,,,,,
GSM1247638,1,,,,,,,,,,
GSM1247639,1,,,,,,,,,,
GSM1247640,1,,,,,,,,,,
GSM1247641,1,,,,,,,,,,
GSM1247642,1,,,,,,,,,,
GSM1247643,1,,,,,,,,,,
GSM1247644,1,,,,,,,,,,
GSM1191657,1,,,,,,,,,,
GSM1191658,1,,,,,,,,,,
GSM1191659,1,,,,,,,,,,
GSM1191660,1,,,,,,,,,,
GSM1191661,1,,,,,,,,,,
GSM1191662,1,,,,,,,,,,
GSM1191663,0,,,,,,,,,,
GSM1191664,0,,,,,,,,,,
GSM1191665,0,,,,,,,,,,
GSM1191654,0,,,,,,,,,,
GSM1191655,0,,,,,,,,,,
GSM1191656,0,,,,,,,,,,
GSM1219064,0,,,,,,,,,,
GSM1219065,0,,,,,,,,,,
GSM1219066,0,,,,,,,,,,
GSM1219067,1,,,,,,,,,,
GSM1219068,1,,,,,,,,,,
GSM1219069,1,,,,,,,,,,
GSM1262797,0,,,,,,,,,,
GSM1262798,0,,,,,,,,,,
GSM1262799,0,,,,,,,,,,
GSM1262800,0,,,,,,,,,,
GSM1262804,0,,,,,,,,,,
GSM1262805,0,,,,,,,,,,
GSM1262801,1,,,,,,,,,,
GSM1262802,1,,,,,,,,,,
GSM1262803,1,,,,,,,,,,
GSM1262806,1,,,,,,,,,,
GSM1262807,1,,,,,,,,,,
GSM1262808,1,,,,,,,,,,
GSM350723,1,,,,,,,,,,
GSM350724,1,,,,,,,,,,
GSM350725,1,,,,,,,,,,
GSM350726,1,,,,,,,,,,
GSM350727,1,,,,,,,,,,
GSM350728,1,,,,,,,,,,
GSM350729,1,,,,,,,,,,
GSM350730,1,,,,,,,,,,
GSM350731,1,,,,,,,,,,
GSM350732,1,,,,,,,,,,
GSM350733,1,,,,,,,,,,
GSM350734,1,,,,,,,,,,
GSM350735,1,,,,,,,,,,
GSM350736,1,,,,,,,,,,
GSM350737,1,,,,,,,,,,
GSM350738,1,,,,,,,,,,
GSM350739,1,,,,,,,,,,
GSM350740,1,,,,,,,,,,
GSM350741,1,,,,,,,,,,
GSM350742,1,,,,,,,,,,
GSM350743,1,,,,,,,,,,
GSM350744,1,,,,,,,,,,
GSM350745,1,,,,,,,,,,
GSM350746,1,,,,,,,,,,
GSM350747,1,,,,,,,,,,
GSM350748,1,,,,,,,,,,
GSM350749,1,,,,,,,,,,
GSM350750,1,,,,,,,,,,
GSM350751,1,,,,,,,,,,
GSM350752,1,,,,,,,,,,
GSM350753,1,,,,,,,,,,
GSM350754,1,,,,,,,,,,
GSM350755,1,,,,,,,,,,
GSM350756,1,,,,,,,,,,
GSM350757,1,,,,,,,,,,
GSM350758,1,,,,,,,,,,
GSM350759,1,,,,,,,,,,
GSM350760,1,,,,,,,,,,
GSM350761,1,,,,,,,,,,
GSM350762,1,,,,,,,,,,
GSM350763,1,,,,,,,,,,
GSM350764,1,,,,,,,,,,
GSM350765,1,,,,,,,,,,
GSM350766,1,,,,,,,,,,
GSM350767,1,,,,,,,,,,
GSM350768,1,,,,,,,,,,
GSM350769,1,,,,,,,,,,
GSM350770,1,,,,,,,,,,
GSM1071454,0,,,,,,,,,,
GSM1071455,0,,,,,,,,,,
GSM1071456,1,,,,,,,,,,
GSM1071457,1,,,,,,,,,,
GSM1058144,0,,,,,,,,,,
GSM1058145,0,,,,,,,,,,
GSM1058146,0,,,,,,,,,,
GSM1058147,0,,,,,,,,,,
GSM1058148,0,,,,,,,,,,
GSM1058149,0,,,,,,,,,,
GSM1058150,0,,,,,,,,,,
GSM1058151,0,,,,,,,,,,
GSM1058152,0,,,,,,,,,,
GSM1058156,1,,,,,,,,,,
GSM1058157,1,,,,,,,,,,
GSM1058158,1,,,,,,,,,,
GSM1058159,1,,,,,,,,,,
GSM1058160,1,,,,,,,,,,
SM1058161 ,1,,,,,,,,,,
GSM1058162,1,,,,,,,,,,
GSM1058163,1,,,,,,,,,,
GSM1058164,1,,,,,,,,,,
GSM1058165,1,,,,,,,,,,
GSM1058166,1,,,,,,,,,,
GSM1058167,1,,,,,,,,,,
GSM1058168,1,,,,,,,,,,
GSM1058169,1,,,,,,,,,,
GSM1058170,1,,,,,,,,,,
GSM362604,0,,,,,,,,,,
GSM362605,0,,,,,,,,,,
GSM362610,0,,,,,,,,,,
GSM362613,0,,,,,,,,,,
GSM362602,1,,,,,,,,,,
GSM362603,1,,,,,,,,,,
GSM362606,1,,,,,,,,,,
GSM362607,1,,,,,,,,,,
GSM362608,1,,,,,,,,,,
GSM362609,1,,,,,,,,,,
GSM362611,1,,,,,,,,,,
GSM362612,1,,,,,,,,,,
GSM362614,1,,,,,,,,,,
GSM362615,1,,,,,,,,,,
GSM362616,1,,,,,,,,,,
GSM362617,1,,,,,,,,,,
GSM1110133,1,,,,,,,,,,
GSM1110134,1,,,,,,,,,,
GSM1110135,1,,,,,,,,,,
GSM1110136,0,,,,,,,,,,
GSM1110137,0,,,,,,,,,,
GSM1110138,0,,,,,,,,,,
GSM1110139,0,,,,,,,,,,
GSM1110140,0,,,,,,,,,,
GSM1022205,1,,,,,,,,,,
GSM1022206,1,,,,,,,,,,
GSM1022207,1,,,,,,,,,,
GSM1022208,1,,,,,,,,,,
GSM1022209,1,,,,,,,,,,
GSM1022210,1,,,,,,,,,,
GSM1022211,1,,,,,,,,,,
GSM1022212,1,,,,,,,,,,
GSM1022213,1,,,,,,,,,,
GSM1022214,1,,,,,,,,,,
GSM1022215,1,,,,,,,,,,
GSM1022194,0,,,,,,,,,,
GSM1022195,0,,,,,,,,,,
GSM1022196,0,,,,,,,,,,
GSM1022197,0,,,,,,,,,,
GSM1022198,0,,,,,,,,,,
GSM1022199,0,,,,,,,,,,
GSM1022200,0,,,,,,,,,,
GSM1022201,0,,,,,,,,,,
GSM1022202,0,,,,,,,,,,
GSM1022203,0,,,,,,,,,,
GSM1022204,0,,,,,,,,,,
GSM675173,0,,,,,,,,,,
GSM675199,0,,,,,,,,,,
GSM675201,0,,,,,,,,,,
GSM675555,1,,,,,,,,,,
GSM675556,1,,,,,,,,,,
GSM675557,1,,,,,,,,,,
GSM675618,1,,,,,,,,,,
GSM675620,1,,,,,,,,,,
GSM675621,1,,,,,,,,,,
GSM675622,1,,,,,,,,,,
GSM675623,1,,,,,,,,,,
GSM675624,1,,,,,,,,,,
GSM675626,1,,,,,,,,,,
GSM675627,1,,,,,,,,,,
GSM675629,1,,,,,,,,,,
GSM675649,1,,,,,,,,,,
GSM675651,1,,,,,,,,,,
GSM675653,1,,,,,,,,,,
GSM675654,1,,,,,,,,,,
GSM675655,1,,,,,,,,,,
GSM675656,1,,,,,,,,,,
GSM675657,1,,,,,,,,,,
GSM675658,1,,,,,,,,,,
GSM675660,1,,,,,,,,,,
GSM838626,0,,,,,,,,,,
GSM838627,0,,,,,,,,,,
GSM838628,0,,,,,,,,,,
GSM838629,0,,,,,,,,,,
GSM838630,1,,,,,,,,,,
GSM838631,1,,,,,,,,,,
GSM838632,1,,,,,,,,,,
GSM838633,1,,,,,,,,,,
GSM1010122,0,,,,,,,,,,
GSM1010123,0,,,,,,,,,,
GSM1010124,1,,,,,,,,,,
GSM1010125,1,,,,,,,,,,
GSM1006362,0,,,,,,,,,,
GSM1006363,0,,,,,,,,,,
GSM1006364,0,,,,,,,,,,
GSM1006365,0,,,,,,,,,,
GSM1006366,1,,,,,,,,,,
GSM1006367,1,,,,,,,,,,
GSM1006368,1,,,,,,,,,,
GSM1006369,1,,,,,,,,,,
GSM901264,0,,,,,,,,,,
GSM901265,0,,,,,,,,,,
GSM901266,0,,,,,,,,,,
GSM901267,0,,,,,,,,,,
GSM901268,1,,,,,,,,,,
GSM901269,1,,,,,,,,,,
GSM901270,1,,,,,,,,,,
GSM901271,1,,,,,,,,,,
GSM901272,1,,,,,,,,,,
GSM901273,1,,,,,,,,,,
GSM901274,1,,,,,,,,,,
GSM901275,1,,,,,,,,,,
GSM901276,1,,,,,,,,,,
GSM901277,1,,,,,,,,,,
GSM901278,1,,,,,,,,,,
GSM901279,1,,,,,,,,,,
GSM950326,0,,,,,,,,,,
GSM950327,0,,,,,,,,,,
GSM950328,0,,,,,,,,,,
GSM950329,1,,,,,,,,,,
GSM950330,1,,,,,,,,,,
GSM950331,1,,,,,,,,,,
GSM950332,1,,,,,,,,,,
GSM950333,1,,,,,,,,,,
GSM950334,1,,,,,,,,,,
GSM950335,1,,,,,,,,,,
GSM950336,1,,,,,,,,,,
GSM950337,1,,,,,,,,,,
GSM950338,1,,,,,,,,,,
GSM950339,1,,,,,,,,,,
GSM894488,0,,,,,,,,,,
GSM894489,0,,,,,,,,,,
GSM894490,0,,,,,,,,,,
GSM894483,1,,,,,,,,,,
GSM894484,1,,,,,,,,,,
GSM894485,1,,,,,,,,,,
GSM894486,1,,,,,,,,,,
GSM894487,1,,,,,,,,,,
GSM791798,1,,,,,,,,,,
GSM791799,1,,,,,,,,,,
GSM791800,1,,,,,,,,,,
GSM791804,1,,,,,,,,,,
GSM791805,1,,,,,,,,,,
GSM791801,0,,,,,,,,,,
GSM791802,0,,,,,,,,,,
GSM791803,0,,,,,,,,,,
GSM791806,0,,,,,,,,,,
GSM791807,0,,,,,,,,,,
GSM791808,0,,,,,,,,,,
GSM774636,0,,,,,,,,,,
GSM774637,0,,,,,,,,,,
GSM774638,0,,,,,,,,,,
GSM774639,0,,,,,,,,,,
GSM774640,1,,,,,,,,,,
GSM774646,1,,,,,,,,,,
GSM774647,1,,,,,,,,,,
GSM774649,1,,,,,,,,,,
GSM767425,0,,,,,,,,,,
GSM767426,0,,,,,,,,,,
GSM767427,0,,,,,,,,,,
GSM767428,1,,,,,,,,,,
GSM767429,1,,,,,,,,,,
GSM767430,1,,,,,,,,,,
GSM697735,0,,,,,,,,,,
GSM697737,0,,,,,,,,,,
GSM697738,1,,,,,,,,,,
GSM697740,1,,,,,,,,,,
GSM560546,0,,,,,,,,,,
GSM560547,0,,,,,,,,,,
GSM560548,0,,,,,,,,,,
GSM560549,0,,,,,,,,,,
GSM560550,0,,,,,,,,,,
GSM560551,0,,,,,,,,,,
GSM560552,0,,,,,,,,,,
GSM560553,0,,,,,,,,,,
GSM560554,1,,,,,,,,,,
GSM560555,1,,,,,,,,,,
GSM560556,1,,,,,,,,,,
GSM560557,1,,,,,,,,,,
GSM560558,1,,,,,,,,,,
GSM560559,1,,,,,,,,,,
GSM560560,1,,,,,,,,,,
GSM560561,1,,,,,,,,,,
GSM673846,0,,,,,,,,,,
GSM673847,0,,,,,,,,,,
GSM642910,0,,,,,,,,,,
GSM642911,0,,,,,,,,,,
GSM642912,0,,,,,,,,,,
GSM642913,0,,,,,,,,,,
GSM642914,0,,,,,,,,,,
GSM642915,0,,,,,,,,,,
GSM642889,1,,,,,,,,,,
GSM642890,1,,,,,,,,,,
GSM642891,1,,,,,,,,,,
GSM642892,1,,,,,,,,,,
GSM642893,1,,,,,,,,,,
GSM642894,1,,,,,,,,,,
GSM642895,1,,,,,,,,,,
GSM642896,1,,,,,,,,,,
GSM642897,1,,,,,,,,,,
GSM642898,1,,,,,,,,,,
GSM642899,1,,,,,,,,,,
GSM642900,1,,,,,,,,,,
GSM642901,1,,,,,,,,,,
GSM642902,1,,,,,,,,,,
GSM642903,1,,,,,,,,,,
GSM642904,1,,,,,,,,,,
GSM642905,1,,,,,,,,,,
GSM642906,1,,,,,,,,,,
GSM642907,1,,,,,,,,,,
GSM642908,1,,,,,,,,,,
GSM642909,1,,,,,,,,,,
GSM534207,1,,,,,,,,,,
GSM534208,1,,,,,,,,,,
GSM534210,1,,,,,,,,,,
GSM534211,1,,,,,,,,,,
GSM534213,1,,,,,,,,,,
GSM534214,1,,,,,,,,,,
GSM534215,0,,,,,,,,,,
GSM534209,0,,,,,,,,,,
GSM534212,0,,,,,,,,,,
GSM545950,1,,,,,,,,,,
GSM545952,1,,,,,,,,,,
GSM545951,0,,,,,,,,,,
GSM545953,0,,,,,,,,,,
GSM545500,0,,,,,,,,,,
GSM545501,1,,,,,,,,,,
GSM545502,1,,,,,,,,,,
GSM545503,1,,,,,,,,,,
GSM545504,1,,,,,,,,,,
GSM545505,1,,,,,,,,,,
GSM470416,0,,,,,,,,,,
GSM470417,1,,,,,,,,,,
GSM584582,0,,,,,,,,,,
GSM584583,0,,,,,,,,,,
GSM584584,0,,,,,,,,,,
GSM584585,1,,,,,,,,,,
GSM584586,1,,,,,,,,,,
GSM584587,1,,,,,,,,,,
GSM584588,1,,,,,,,,,,
GSM584589,1,,,,,,,,,,
GSM584590,1,,,,,,,,,,
GSM584591,1,,,,,,,,,,
GSM584592,1,,,,,,,,,,
GSM584593,1,,,,,,,,,,
GSM573573,0,,,,,,,,,,
GSM573575,0,,,,,,,,,,
GSM573577,0,,,,,,,,,,
GSM573578,1,,,,,,,,,,
GSM573574,1,,,,,,,,,,
GSM573576,1,,,,,,,,,,
GSM372143,0,,,,,,,,,,
GSM372153,0,,,,,,,,,,
GSM372265,0,,,,,,,,,,
GSM372145,1,,,,,,,,,,
GSM372160,1,,,,,,,,,,
GSM372285,1,,,,,,,,,,
GSM450519,0,,,,,,,,,,
GSM450520,0,,,,,,,,,,
GSM450521,0,,,,,,,,,,
GSM450522,0,,,,,,,,,,
GSM450523,0,,,,,,,,,,
GSM450524,0,,,,,,,,,,
GSM450525,1,,,,,,,,,,
GSM450526,1,,,,,,,,,,
GSM450527,1,,,,,,,,,,
GSM450528,1,,,,,,,,,,
GSM450529,1,,,,,,,,,,
GSM450530,1,,,,,,,,,,
GSM463596,0,,,,,,,,,,
GSM463597,0,,,,,,,,,,
GSM549070,0,,,,,,,,,,
GSM549071,0,,,,,,,,,,
GSM463598,0,,,,,,,,,,
GSM463599,1,,,,,,,,,,
GSM463600,1,,,,,,,,,,
GSM463601,1,,,,,,,,,,
GSM549078,1,,,,,,,,,,
GSM549079,1,,,,,,,,,,
GSM671881,1,,,,,,,,,,GSE17513
GSM671879,1,,,,,,,,,,
GSM671880,1,,,,,,,,,,
GSM671882,1,,,,,,,,,,
GSM318333,1,,,,,,,,,,
GSM318341,1,,,,,,,,,,
GSM318342,1,,,,,,,,,,
GSM318334,1,,,,,,,,,,
GSM318337,1,,,,,,,,,,
GSM318338,1,,,,,,,,,,
GSM318335,1,,,,,,,,,,
GSM318336,1,,,,,,,,,,
GSM318339,1,,,,,,,,,,
GSM318340,1,,,,,,,,,,
GSM318343,1,,,,,,,,,,
GSM318344,1,,,,,,,,,,
GSM241642,0,,,,,,,,,,
GSM241643,0,,,,,,,,,,
GSM241644,0,,,,,,,,,,
GSM241645,0,,,,,,,,,,
GSM241650,0,,,,,,,,,,
GSM241653,0,,,,,,,,,,
GSM241651,0,,,,,,,,,,
GSM241652,0,,,,,,,,,,
GSM241646,1,,,,,,,,,,
GSM241647,1,,,,,,,,,,
GSM241648,1,,,,,,,,,,
GSM241649,1,,,,,,,,,,
GSM241654,1,,,,,,,,,,
GSM241655,1,,,,,,,,,,
GSM241656,1,,,,,,,,,,
GSM241657,1,,,,,,,,,,
GSM241658,1,,,,,,,,,,
GSM241659,1,,,,,,,,,,
GSM241660,1,,,,,,,,,,
GSM419445,0,,,,,,,,,,
GSM419457,0,,,,,,,,,,
GSM419458,0,,,,,,,,,,
GSM419459,0,,,,,,,,,,
GSM419446,0,,,,,,,,,,
GSM419447,0,,,,,,,,,,
GSM419451,0,,,,,,,,,,
GSM419452,0,,,,,,,,,,
GSM419453,0,,,,,,,,,,
GSM419454,1,,,,,,,,,,
GSM419448,1,,,,,,,,,,
GSM419449,1,,,,,,,,,,
GSM419450,1,,,,,,,,,,
GSM419455,1,,,,,,,,,,
GSM419456,1,,,,,,,,,,
GSM419460,1,,,,,,,,,,
GSM419461,1,,,,,,,,,,
GSM419462,1,,,,,,,,,,
GSM300495,0,,,,,,,,,,
GSM300496,0,,,,,,,,,,
GSM300497,0,,,,,,,,,,
GSM300501,0,,,,,,,,,,
GSM300502,0,,,,,,,,,,
GSM300503,0,,,,,,,,,,
GSM300507,0,,,,,,,,,,
GSM300508,0,,,,,,,,,,
GSM300509,0,,,,,,,,,,
GSM300513,0,,,,,,,,,,
GSM300514,0,,,,,,,,,,
GSM300515,0,,,,,,,,,,
GSM300498,1,,,,,,,,,,
GSM300499,1,,,,,,,,,,
GSM300500,1,,,,,,,,,,
GSM300504,1,,,,,,,,,,
GSM300505,1,,,,,,,,,,
GSM300506,1,,,,,,,,,,
GSM300510,1,,,,,,,,,,
GSM300511,1,,,,,,,,,,
GSM300512,1,,,,,,,,,,
GSM300516,1,,,,,,,,,,
GSM300517,1,,,,,,,,,,
GSM300518,1,,,,,,,,,,
GSM316831,1,,,,,,,,,,
GSM316832,1,,,,,,,,,,
GSM316833,1,,,,,,,,,,
GSM316834,0,,,,,,,,,,
GSM316835,0,,,,,,,,,,
GSM316836,0,,,,,,,,,,
GSM234709,0,,,,,,,,,,
GSM234711,0,,,,,,,,,,
GSM234714,0,,,,,,,,,,
GSM234715,0,,,,,,,,,,
GSM234721,0,,,,,,,,,,
GSM234724,0,,,,,,,,,,
GSM234725,0,,,,,,,,,,
GSM234726,0,,,,,,,,,,
GSM234747,0,,,,,,,,,,
GSM234748,0,,,,,,,,,,
GSM234749,0,,,,,,,,,,
GSM234750,0,,,,,,,,,,
GSM234753,0,,,,,,,,,,
GSM234754,0,,,,,,,,,,
GSM234755,0,,,,,,,,,,
GSM234756,0,,,,,,,,,,
GSM234697,1,,,,,,,,,,
GSM234704,1,,,,,,,,,,
GSM234705,1,,,,,,,,,,
GSM234707,1,,,,,,,,,,
GSM234745,1,,,,,,,,,,
GSM234746,1,,,,,,,,,,
GSM234751,1,,,,,,,,,,
GSM234752,1,,,,,,,,,,
GSM230954,1,,,,,,,,,,
GSM230955,1,,,,,,,,,,
GSM230956,1,,,,,,,,,,
GSM230957,0,,,,,,,,,,
GSM230959,0,,,,,,,,,,
GSM230960,0,,,,,,,,,,
GSM234943,1,,,,,,,,,,
GSM234944,1,,,,,,,,,,
GSM234945,1,,,,,,,,,,
GSM234946,0,,,,,,,,,,
GSM234947,0,,,,,,,,,,
GSM234948,0,,,,,,,,,,
GSM234949,0,,,,,,,,,,
GSM234950,0,,,,,,,,,,
GSM234951,0,,,,,,,,,,
GSM228871,1,,,,,,,,,,
GSM228872,1,,,,,,,,,,
GSM228873,1,,,,,,,,,,
GSM228874,1,,,,,,,,,,
GSM228875,1,,,,,,,,,,
GSM228876,1,,,,,,,,,,
GSM228877,1,,,,,,,,,,
GSM228878,1,,,,,,,,,,
GSM228879,1,,,,,,,,,,
GSM228880,1,,,,,,,,,,
GSM228881,1,,,,,,,,,,
GSM228882,1,,,,,,,,,,
GSM228883,1,,,,,,,,,,
GSM228884,1,,,,,,,,,,
GSM228885,1,,,,,,,,,,
GSM228886,1,,,,,,,,,,
GSM228887,1,,,,,,,,,,
GSM228888,1,,,,,,,,,,
GSM228889,1,,,,,,,,,,
GSM228890,1,,,,,,,,,,
GSM228891,1,,,,,,,,,,
GSM228892,1,,,,,,,,,,
GSM228893,1,,,,,,,,,,
GSM228894,1,,,,,,,,,,
GSM228908,1,,,,,,,,,,
GSM228909,1,,,,,,,,,,
GSM228910,1,,,,,,,,,,
GSM228914,1,,,,,,,,,,
GSM228915,1,,,,,,,,,,
GSM228916,1,,,,,,,,,,
GSM228895,1,,,,,,,,,,
GSM228896,1,,,,,,,,,,
GSM228897,1,,,,,,,,,,
GSM228901,1,,,,,,,,,,
GSM228903,1,,,,,,,,,,
GSM228904,1,,,,,,,,,,
GSM228898,0,,,,,,,,,,
GSM228899,0,,,,,,,,,,
GSM228900,0,,,,,,,,,,
GSM228905,0,,,,,,,,,,
GSM228906,0,,,,,,,,,,
GSM228907,0,,,,,,,,,,
GSM228911,0,,,,,,,,,,
GSM228912,0,,,,,,,,,,
GSM228913,0,,,,,,,,,,
GSM228917,0,,,,,,,,,,
GSM228918,0,,,,,,,,,,
GSM228919,0,,,,,,,,,,
GSM172475,0,,,,,,,,,,
GSM172476,0,,,,,,,,,,
GSM172477,0,,,,,,,,,,
GSM172478,1,,,,,,,,,,
GSM172479,1,,,,,,,,,,
GSM172480,1,,,,,,,,,,
GSM172481,1,,,,,,,,,,
GSM148780,0,,,,,,,,,,
GSM148781,0,,,,,,,,,,
GSM148782,0,,,,,,,,,,
GSM148783,0,,,,,,,,,,
GSM148784,0,,,,,,,,,,
GSM148785,0,,,,,,,,,,
GSM148786,0,,,,,,,,,,
GSM148787,0,,,,,,,,,,
GSM148788,0,,,,,,,,,,
GSM148789,0,,,,,,,,,,
GSM148790,0,,,,,,,,,,
GSM148791,0,,,,,,,,,,
GSM148792,0,,,,,,,,,,
GSM148793,0,,,,,,,,,,
GSM148794,0,,,,,,,,,,
GSM148795,0,,,,,,,,,,
GSM148796,0,,,,,,,,,,
GSM148797,0,,,,,,,,,,
GSM148798,0,,,,,,,,,,
GSM148799,0,,,,,,,,,,
GSM148800,0,,,,,,,,,,
GSM148801,0,,,,,,,,,,
GSM148802,0,,,,,,,,,,
GSM148803,0,,,,,,,,,,
GSM148804,0,,,,,,,,,,
GSM148805,0,,,,,,,,,,
GSM148806,0,,,,,,,,,,
GSM148807,0,,,,,,,,,,
GSM148808,0,,,,,,,,,,
GSM148809,0,,,,,,,,,,
GSM148810,0,,,,,,,,,,
GSM148814,0,,,,,,,,,,
GSM148816,0,,,,,,,,,,
GSM148811,0,,,,,,,,,,
GSM148812,1,,,,,,,,,,
GSM148813,1,,,,,,,,,,
GSM148815,1,,,,,,,,,,
GSM176756,0,,,,,,,,,,
GSM176758,0,,,,,,,,,,
GSM176759,0,,,,,,,,,,
GSM176760,1,,,,,,,,,,
GSM176761,1,,,,,,,,,,
GSM176757,1,,,,,,,,,,
GSM177005,0,,,,,,,,,,
GSM177007,0,,,,,,,,,,
GSM177009,0,,,,,,,,,,
GSM176904,1,,,,,,,,,,
GSM177006,1,,,,,,,,,,
GSM177008,1,,,,,,,,,,
GSM156165,0,,,,,,,,,,
GSM156167,0,,,,,,,,,,
GSM156168,1,,,,,,,,,,
GSM156166,1,,,,,,,,,,
GSM120064,0,,,,,,,,,,
GSM120065,0,,,,,,,,,,
GSM120066,0,,,,,,,,,,
GSM120067,0,,,,,,,,,,
GSM120068,1,,,,,,,,,,
GSM120069,1,,,,,,,,,,
GSM120070,1,,,,,,,,,,
GSM120071,1,,,,,,,,,,
GSM79033,1,,,,,,,,,,
GSM79034,1,,,,,,,,,,
GSM79035,1,,,,,,,,,,
GSM78976,1,,,,,,,,,,
GSM78982,1,,,,,,,,,,
GSM78983,1,,,,,,,,,,
GSM79027,1,,,,,,,,,,
GSM79028,1,,,,,,,,,,
GSM79029,1,,,,,,,,,,
GSM78985,0,,,,,,,,,,
GSM78986,0,,,,,,,,,,
GSM78987,0,,,,,,,,,,
GSM79024,0,,,,,,,,,,
GSM79025,0,,,,,,,,,,
GSM79026,0,,,,,,,,,,
GSM79030,0,,,,,,,,,,
GSM79031,0,,,,,,,,,,
GSM79032,0,,,,,,,,,,
GSM2334,0,,,,,,,,,,
GSM2335,0,,,,,,,,,,
GSM2336,0,,,,,,,,,,
GSM11752,1,,,,,,,,,,
GSM11753,1,,,,,,,,,,
GSM11754,1,,,,,,,,,,
GSM7760,1,,,,,,,,,,
GSM7761,1,,,,,,,,,,
GSM7762,1,,,,,,,,,,
GSM7763,1,,,,,,,,,,
GSM7768,1,,,,,,,,,,
GSM7770,1,,,,,,,,,,
GSM7771,1,,,,,,,,,,
GSM7772,1,,,,,,,,,,
GSM7773,1,,,,,,,,,,
GSM7774,1,,,,,,,,,,
GSM7775,1,,,,,,,,,,
GSM7776,1,,,,,,,,,,
GSM7777,1,,,,,,,,,,
GSM7778,1,,,,,,,,,,
GSM7779,1,,,,,,,,,,
GSM7780,1,,,,,,,,,,
GSM7781,1,,,,,,,,,,
GSM7782,1,,,,,,,,,,
GSM7783,1,,,,,,,,,,
GSM7784,1,,,,,,,,,,
GSM7785,1,,,,,,,,,,
GSM7786,1,,,,,,,,,,
GSM7787,1,,,,,,,,,,
GSM7788,1,,,,,,,,,,
GSM7789,1,,,,,,,,,,
GSM7791,1,,,,,,,,,,
GSM2269,1,,,,,,,,,,
GSM2270,1,,,,,,,,,,
GSM2271,1,,,,,,,,,,
GSM2272,1,,,,,,,,,,
GSM2273,1,,,,,,,,,,
GSM2274,1,,,,,,,,,,
GSM2275,1,,,,,,,,,,
GSM2276,1,,,,,,,,,,
GSM2277,1,,,,,,,,,,
GSM2278,1,,,,,,,,,,
GSM2279,1,,,,,,,,,,
GSM2280,1,,,,,,,,,,
GSM2281,0,,,,,,,,,,
GSM2282,0,,,,,,,,,,
GSM2283,0,,,,,,,,,,
GSM2266,0,,,,,,,,,,
GSM2267,0,,,,,,,,,,
GSM2268,0,,,,,,,,,,
